comment_id,post_id,platform,author_name,author_id,comment_text,published_at,like_count,reply_count,sentiment_label,sentiment_score,crawled_at,is_reply,parent_comment_id
Ugwr6A3VhOQcuk5kBQt4AaABAg,qd3t_JSQXWo,YouTube,@KhoaiLangThang,UCZE88kYvCKUKjM-G0uc8Duw,"Ká»· niá»‡m 3 triá»‡u bÃ  con cÃ´ bÃ¡c Ä‘Äƒng kÃ½ kÃªnh, Khoai xin phÃ©p Ä‘Äƒng clip lÃºc 7h sÃ¡ng thá»© hai Ä‘áº§u tuáº§n. ğŸ˜<br>ThÃ´ng tin vá» tháº» há»™i viÃªn BÃ´ng Sen VÃ ng Khoai chia sáº» trong clip chá»‰ mang tÃ­nh cháº¥t tham kháº£o, má»i ngÆ°á»i nhá»› xem thÃªm thÃ´ng tin tá»« trang chÃ­nh thá»©c cá»§a hÃ£ng Vietnam Airlines Ä‘á»ƒ cÃ³ thÃ´ng tin chÃ­nh xÃ¡c nháº¥t nha.",2025-10-13T00:37:30Z,955,0,,,2025-10-26T23:04:07.563279,False,
UgzgzuSAtclet8xeTnx4AaABAg,qd3t_JSQXWo,YouTube,@ZeroOne0611,UCizsFAY9ibVg5N1Zimf6kEQ,"2 báº¡n nÃ y giá»i tháº­t sá»±, ko cáº§n ekip hÃ¹ng háº­u, chá»‰ cÃ³ 2 ngÆ°á»i, qua nÆ°á»›c ngoÃ i tá»± Ä‘i, tá»± quay, tá»± lÃ¡i xe luÃ´n, Ä‘Ãºng chuáº©n lÃ  vlog du lá»‹ch. ChÃºc 2 báº¡n cÃ³ 1 chuyáº¿n Ä‘i tháº­t vui vÃ  an toÃ n",2025-10-15T17:06:11Z,867,0,,,2025-10-26T23:04:07.563279,False,
UgwbV7DPidHrWQACdah4AaABAg,qd3t_JSQXWo,YouTube,@KhoaiLangThang,UCZE88kYvCKUKjM-G0uc8Duw,Khoai bá»‹ ghiá»n du lá»‹ch báº±ng nhÃ  di Ä‘á»™ng luÃ´n rá»“i. CÃ¡i xe quÃ¡ Ä‘Ã£.,2025-10-13T00:34:04Z,830,0,,,2025-10-26T23:04:07.563279,False,
UgwFlgXK-Q1wXgktBnZ4AaABAg,qd3t_JSQXWo,YouTube,@KhoaiLangThang,UCZE88kYvCKUKjM-G0uc8Duw,"Tá»± nhiÃªn Ä‘ang Ä‘á»©ng mua vÃ© tÃ u. CÃ¡i Khoai Ä‘Æ°á»£c cÃ´ kia kÃªu cáº§m vÃ© tÃ u cá»§a cÃ´ Ä‘i Ä‘i, khá»i mua. CÃ¡i Khoai hÃº há»“n luÃ´n.",2025-10-13T00:33:33Z,625,0,,,2025-10-26T23:04:07.563279,False,
Ugzw-xqcG6H9zita6th4AaABAg,qd3t_JSQXWo,YouTube,@vy.cloudie1638,UC5SntXLfB-wby1xcN4pZbxw,"coi Ã´ng Khoai nhiá»u má»›i tháº¥y Ã´ng Su giá»i ghÃª Ã¡ cÃ¡i gÃ¬ cÅ©ng lÃ m Ä‘Æ°á»£c tá»« quay phim, nÃ³i tiáº¿ng anh hay lÃ¡i xe cÃ¡i gÃ¬ Ã´ng cÅ©ng lÃ m Ä‘Æ°á»£c",2025-10-13T10:04:15Z,357,0,,,2025-10-26T23:04:07.563279,False,
Ugxkrtu6Fwa1gQOKGOF4AaABAg,qd3t_JSQXWo,YouTube,@jennynguyen1252,UC4wExtKdTV9rD2NygvqyOVA,"Khoai Æ¡i,minh á»Ÿ MÃ¼nchen Äá»©c. Theo mÃ¬nh biáº¿t chá»‹ áº¥y mua vÃ© xe nÃ y chá»‹ Ä‘Ã£ sá»­ dá»¥ng rá»“i tuy nhiÃªn vÃ© váº«n cÃ²n hiá»‡u lá»±c Ä‘áº¿n 6 giá» sÃ¡ng hÃ´m sau cho nÃªn chá»‹ áº¥y cÃ³ thá»ƒ tÃ¬m ai cáº§n vÃ© Ä‘á»ƒ cho hoáº·c bÃ¡n ráº». cháº¯c chá»‹ áº¥y muá»‘n cho Khoai vÃ© nhÆ°ng Khoai muá»‘n gá»­i tiá»n láº¡i chá»© chá»‹ khÃ´ng cÃ³ Ã½ lá»«a Khoai Ä‘Ã¢u",2025-10-13T09:15:33Z,227,0,,,2025-10-26T23:04:07.563279,False,
UgxFaLX1dauQH__7jal4AaABAg,qd3t_JSQXWo,YouTube,@tuananhle398,UC2XjQ7VEHjLn4Kz7zlfB_JA,"TÃ­nh ra su giá»i quÃ¡ a Æ¡i, cho e gá»­i lá»i khen â‚«áº¿n báº¡n su, 1 ngÆ°á»i báº¡n â‚«á»“ng hÃ nh tuyá»‡t vá»i, giá»i tiáº¿ng Anh, giÃºp a giao tiáº¿p giÃºp viá»‡c du lá»‹ch dá»… dÃ ng, biáº¿t lÃ¡i xe tay lÃ¡i cá»©ng kháº¯p nÆ¡i cháº¡y tá»‘t trÃªn má»i náº»o Ä‘Æ°á»ng, 2 ae tuyá»‡t vá»i ai cÅ©ng giá»i háº¿t, chÃºc hai ae luÃ´n nhiá»u sá»©c khá»e, má»i thÃ nh trÃ¬nh luÃ´n vui váº» vÃ  thuáº­n lá»£i nhÃ©",2025-10-15T04:35:25Z,209,0,,,2025-10-26T23:04:07.563279,False,
Ugyw9maVxqOcE-GinSJ4AaABAg,qd3t_JSQXWo,YouTube,@Kimthienthien98,UCm8UFrCzRFjku-N-C4mjPUQ,"MÃª a Khoai nhÆ°ng váº«n pháº£i khen a Su ná»¯a nha, chiáº¿c xe bÃ¢y lá»›n Ä‘Ã³ mÃ  á»•ng lÃ¡i cÅ©ng Ä‘Æ°á»£c luÃ´n, ná»ƒ á»•ng thiá»‡t. CÃ³ nhá»¯ng ngÆ°á»i mÃ  láº¡ xe, láº¡ tay lÃ¡i, láº¡ chá»— lÃ  k dÃ¡m cháº¡y xe Ä‘Ã¢u, mÃ  á»•ng lÃ¡i bon bon luÃ´n. Cháº¥n Ä‘á»™ng thiá»‡t",2025-10-13T04:06:33Z,207,0,,,2025-10-26T23:04:07.563279,False,
UgwoRjK59jMOL50QM8J4AaABAg,qd3t_JSQXWo,YouTube,@Tranoanh-u9g,UCd9oFR805dLWty0_WvNvb6A,"Viá»‡c cho vÃ© lÃ  chuyá»‡n bÃ¬nh thÆ°á»ng. DÃ¢n há» vá»‘n tiáº¿t kiá»‡m, khi khÃ´ng cáº§n ná»¯a mÃ  vÃ© cÃ²n háº¡n thÃ¬ há» thÆ°á»ng tÃ¬m ngÆ°á»i Ä‘ang mua vÃ© á»Ÿ mÃ¡y tá»± Ä‘á»™ng Ä‘á»ƒ cho. KhÃ´ng cáº§n pháº£i tráº£ tiá»n, chá»‰ cáº§n má»™t lá»i cáº£m Æ¡n lÃ  Ä‘á»§ nhÆ°ng náº¿u tháº¥y lÃ  sinh viÃªn thÃ¬ nÃªn cho há» má»™t chÃºt - thÆ°á»ng báº±ng ná»­a sá»‘ tiá»n Ä‘Ã¡ng láº½ mÃ¬nh pháº£i tráº£, khÃ´ng Ä‘Æ°a nhiá»u vÃ¬ sáº½ lÃ m há» cáº£m tháº¥y ngáº¡i -  sinh viÃªn thÆ°á»ng nghÃ¨o, ráº¥t cáº§n tiá»n. <br>MÃ¬nh cÅ©ng lÃ m váº­y, khi cho Ä‘i Ä‘Æ°á»£c cÅ©ng tháº¥y trong lÃ²ng vui lÃªn má»™t chÃºt. Máº¥t má»™t vÃ i phÃºt mÃ  cáº£ mÃ¬nh vÃ  ngÆ°á»i khÃ¡c Ä‘á»u vui thÃ¬ cÅ©ng Ä‘Ã¡ng.",2025-10-13T18:24:38Z,202,0,,,2025-10-26T23:04:07.563279,False,
UgxfH9lDMkjFS3cjujZ4AaABAg,qd3t_JSQXWo,YouTube,@Chu_Chaau,UC3_xubH20PRFrphnsIZ3ukA,"Chá»‰ má»›i á»Ÿ Äá»©c thÃ´i mÃ  Ä‘áº¹p Ä‘iÃªn ngÆ°á»i rá»“i. Qua tá»›i Thá»¥y Sá»¹ Ä‘áº¹p x5, X10 ná»¯a. ÄÃºng lÃ  ChÃ¢u Ã‚u. ChÃºc khoai cÃ³ chuyáº¿n du lá»‹ch ChÃ¢u Ã‚u tháº­t tuyá»‡t vá»i mang nhá»¯ng thÆ°á»›c phim Ä‘áº¹p Ä‘áº¿n vá»›i má»i ngÆ°á»i.",2025-10-13T07:17:58Z,135,0,,,2025-10-26T23:04:07.563279,False,
UgzLtyECZ4sXyYB7cR54AaABAg,qd3t_JSQXWo,YouTube,@LouuisPham_PhatNe,UCFEBDX0uC55rVcFlkrf1w2g,"Chá»i Æ¡i, em xem mÃ  tá»± hÃ o vá» anh vÃ   anh Su láº¯m luÃ´n Ã¡. Vá»«a giá»i vá»«a tÃ i nÄƒng, vÃ  em báº¥t ngá» vá» anh Su lÃ  cÃ³ thá»ƒ lÃ¡i 1 chiáº¿c RV chá»Ÿ anh trong chuyáº¿n Ä‘i nÃ y Ä‘á»ƒ vlog nÃ y má»i ngÆ°á»i xem mÃ  cáº£m tháº¥y hÃ£nh diá»‡n láº¯m luÃ´n áº¡. NhÆ° tÃªn kÃªnh cá»§a anh váº­y Ã¡. Mong chá» nhá»¯ng vlog sáº¯p tá»›i vÃ  mong anh vÃ  anh Su cÃ³ chuyáº¿n Ä‘i chÆ¡i tháº­t lÃ  nhiá»u ká»· niá»‡m Ä‘áº¹p vÃ  nhiá»u chuyáº¿n phiÃªu lÆ°u Ä‘ang chá» Ä‘Ã³n áº¡",2025-10-13T06:15:58Z,83,0,,,2025-10-26T23:04:07.563279,False,
UgyJcr6axCL6UMk8FaJ4AaABAg,qd3t_JSQXWo,YouTube,@nhiennguyen634,UC5s9vPW26KlMDXgp5Md4Qmg,"CÃ´ng nháº­n sá»©c khá»e Khoai vÃ  Su dáº»o dai thiá»‡t Ã¡,vá»«a Ä‘i vá»«a quay mÃ  Äƒn kiá»ƒu fast food váº­y dá»… máº¥t sá»©c,chÆ°a ká»ƒ thay Ä‘á»•i giá» giáº¥c khÃ­ háº­u.",2025-10-13T20:16:21Z,82,0,,,2025-10-26T23:04:07.563279,False,
UgyccRHhJdGcPA_yS9x4AaABAg,qd3t_JSQXWo,YouTube,@ngochungphamvu1162,UCEqxObX0V_z31yYFgkii5AQ,"Em Ä‘ang lÃ m sá»­a chá»¯a vÃ  báº£o dÆ°á»¡ng mobihome á»Ÿ Äá»©c lun thÃ¬ xem Ä‘Æ°á»£c vlog cá»§a 2 anh dá»… thÆ°Æ¡ng quÃ¡. á» Äá»©c nhá»¯ng ngÆ°á»i trung tuá»•i hoáº·c cÃ³ gia Ä‘Ã¬nh con cÃ¡i lÃ  há» sá»Ÿ há»¯u mobihome ráº¥t nhiá»u, há» yÃªu thÃ­ch du lá»‹ch tá»± tÃºc tráº£i nghiá»‡m kiá»ƒu váº§y láº¯m áº¡. TrÃªn 1 chiáº¿c xe nhÆ° váº­y mÃ  há» cÃ³ thá»ƒ build Ä‘Æ°á»£c Ä‘áº§y Ä‘á»§ má»i thá»© ngÄƒn náº¯p, thÃ´ng minh, mÃ  Ä‘i láº¡i cÅ©ng váº«n ráº¥t an toÃ n, má»—i tá»™i lÃºc sá»­a thÃ¬ hÆ¡i váº¥t váº£ thui ğŸ˜…",2025-10-14T17:02:17Z,58,0,,,2025-10-26T23:04:07.563279,False,
Ugxkrtu6Fwa1gQOKGOF4AaABAg.AOD7QXkCLp5AODRn_9_Bs2,qd3t_JSQXWo,YouTube,@quile1460,UC3GKiKKhiIEXeuClfmvguzQ,CÃ¡i hay lÃ  há» váº«n nÃ¡n láº¡i bá» chÃºt thá»i gian quÃ½ bÃ¡u Ä‘á»ƒ táº·ng cho ngÆ°á»i cáº§n vÃ  cÃ²n ko muá»‘n láº¥y tiá»n.. nÆ°á»›c há» vÄƒn minh gÃª..,2025-10-13T12:13:36Z,54,0,,,2025-10-26T23:04:07.563279,True,Ugxkrtu6Fwa1gQOKGOF4AaABAg
UgwcIaCU7wa1j15NOYR4AaABAg,qd3t_JSQXWo,YouTube,@Lymyanfamily,UC8MPpaZO7dCwH6CaIm8DdFA,"Tháº­t sá»± chá»‹ ráº¥t thÃ­ch tÃ­nh cÃ¡ch cá»§a Khoai, k cáº§n biáº¿t cÃ³ bá»‹ lá»«a hay k (trong Ä‘oáº¡n Khoai mua vÃ© tÃ u) nhÆ°ng Khoai váº«n cho Ä‘i lÃ²ng tinâ€¦giá»¯a má»™t tháº¿ giá»›i con ngÆ°á»i luÃ´n sá»‘ng trong nghi ká»µ. Trong cÃ¡c YouTuber Nam, Khoai váº«n luÃ´n lÃ  lá»±a chá»n cá»§a chá»‹, ráº¥t nháº¹ nhÃ ng khi xem kÃªnh cá»§a em. ChÃºc em nhiá»u sá»©c khá»e vÃ  bÃ¬nh an trong má»i hÃ nh trÃ¬nh.",2025-10-13T03:47:50Z,50,0,,,2025-10-26T23:04:07.563279,False,
UgwDmWhHyWX3V6JO5k94AaABAg,qd3t_JSQXWo,YouTube,@chaotatca2003,UCYvxzQQq5SyXMxTTA-v045Q,"RV vÃ  Mobile Home khÃ¡c nhau em Khoa :) <br><br>RV (NhÃ  Di Äá»™ng cÃ³ bÃ¡nh xe, nhÆ°ng cÃ³ thá»ƒ duy chuyá»ƒn Ä‘Æ°á»£c kháº¯p nÆ¡i)<br>Mobile Home (NhÃ  nhá» thÆ°á»ng giá»‘ng cÃ¡i há»™p Ä‘Æ°á»£c xÃ¢y sáºµn á»Ÿ nhÃ  mÃ¡y rá»“i xe táº£i váº­n chuyá»ƒn (mobile)  tá»›i miáº¿ng Ä‘áº¥t nÃ o Ä‘Ã³ rá»“i Ä‘á»ƒ xuá»‘ng, khÃ´ng cÃ³ bÃ¡nh xe hoáº·c di chuyá»ƒn Ä‘Æ°á»£c, nhÆ°ng vÃ¬ nhÃ  nhá» do xe chá»Ÿ tá»›i thay vÃ¬ tá»± xÃ¢y nÃªn gá»i lÃ  mobile home). <br><br>RV dÃ nh cho ngÆ°á»i giÃ  vá» hÆ°u thÃ­ch di du ngoáº¡n kháº¯p nÆ¡i, NgÆ°á»i tráº» cÅ©ng thÃ­ch á»Ÿ RV nhÆ°ng thÆ°á»ng giÃ¡ RV cÃ³ thá»ƒ báº±ng giÃ¡ 1 cÄƒn nhÃ  bÃ¬nh thÆ°á»ng nÃªn ngÆ°á»i tráº» khÃ´ng Ä‘á»§ sá»Ÿ phÃ­ Ä‘á»ƒ mua. ($150,000-$500,000)<br>Mobile Home ráº» hÆ¡n vÃ  dÃ nh cho ngÆ°á»i cÃ³ thu nháº­p tháº¥p. ($15,000-$20,000)<br><br>CÃ¡i Khoa Ä‘ang tráº£i nghiá»‡m lÃ  RV Ä‘Ã³, á»Ÿ vui láº¯m, muá»‘n di du lá»‹ch thÃ nh phá»‘ nÃ o lÃ  cháº¡y nguyÃªn chiáº¿c xe+nhÃ  Ä‘i luÃ´n.<br><br>ChÃºc em chuyáº¿n Ä‘i an toÃ n vÃ  vui váº» :)",2025-10-13T16:15:26Z,46,0,,,2025-10-26T23:04:07.563279,False,
UgxOvPfkMGXa7G30mXd4AaABAg,qd3t_JSQXWo,YouTube,@lehalan8020,UCXo6__sWerbLVUmrFGnR_dQ,"Náº¿u Ä‘Ã£ khen aKhoai, thÃ¬ k thá»ƒ khÃ´ng khen SU Ä‘Æ°á»£c. SU ngÆ°á»i cá»™ng sá»± cá»§a aKhoai tuyá»‡t vá»i. SU giao tiáº¿p tá»‘t, lÃ¡i xe cÅ©ng giá»i ná»¯a, báº¥t cá»© á»Ÿ Ä‘Ã¢u xe nÃ o cÅ©ng bon bon Ä‘Æ°á»£c cáº£ ğŸ’¯ğŸ‰",2025-10-16T14:35:54Z,45,0,,,2025-10-26T23:04:07.563279,False,
UgzTcOEhr3NjxDkGnkx4AaABAg,qd3t_JSQXWo,YouTube,@Choioianimation,UCVJi1VwBqnt4edySR7OA9hw,Xem khÃºc Ä‘áº§u anh Khoai Ä‘Ãºng ngÆ°á»i láº¡c quan vÃ  tÃ­ch cá»±c luÃ´n Ã¡. DÃ¹ chÆ°a biáº¿t vÃ© tháº­t hay giáº£. CÃ¡i nÄƒng lÆ°á»£ng nÃ y lÃ  thá»© luÃ´n thÃ­ch á»Ÿ má»i chuyáº¿n Ä‘i cá»§a anh truyá»n táº£i. ChÃºc anh luÃ´n cÃ³ nhá»¯ng tráº£i nghiá»‡m Ä‘áº¹p vÃ  may máº¯n.,2025-10-13T08:03:27Z,38,0,,,2025-10-26T23:04:07.563279,False,
UgwD4I-Yu1RR-Nq4Ww94AaABAg,qd3t_JSQXWo,YouTube,@thiphile1457,UCAzhcL5WswpqsERqUuQ-atg,"MÃ¬nh á»Ÿ MÃ¼nchen 37 nÄƒm ráº¥t vui khi báº¡n giá»›i thiá»‡u du lá»‹ch ChÃ¢u Ã‚u Ä‘áº¿n vá»›i má»i ngÆ°á»i Viá»‡t Nam mÃ¬nh trÃªn tháº¿ giá»›i, hai báº¡n giá»i quÃ¡ ğŸ‰â¤",2025-10-16T06:49:14Z,37,0,,,2025-10-26T23:04:07.563279,False,
UgwmM5zO8O4Ax0ThpVF4AaABAg,qd3t_JSQXWo,YouTube,@HuyNguyen-kq7ie,UC1E76g1mnyapFl79PKkxLJA,"<a href=""https://www.youtube.com/watch?v=qd3t_JSQXWo&amp;t=375"">6:15</a> ÄÃºng lÃ  Khoai Lang Thang cho dÃ¹ nghi ngá» váº«n chá»n lÃ²ng tá»‘t ğŸ˜ğŸ˜",2025-10-13T05:52:54Z,29,0,,,2025-10-26T23:04:07.563279,False,
Ugzw-xqcG6H9zita6th4AaABAg.AODD-D6jMxFAODku9fw1Se,qd3t_JSQXWo,YouTube,@trungsonglanh,UCf5wkiplsUcA-fFGSytyCUQ,Con tÆ°á»›ng nÃ y máº¡nh quÃ¡,2025-10-13T15:09:16Z,26,0,,,2025-10-26T23:04:07.563279,True,Ugzw-xqcG6H9zita6th4AaABAg
Ugw4flI_jLQeN8JJ8Al4AaABAg,qd3t_JSQXWo,YouTube,@PhuongAnh-tk2hf,UCRQ5yaL0dhWGrKwJnZaxRtQ,"Vlog cá»§a anh nÃ³ cÃ³ nÃ©t riÃªng láº¯m. NÃ³ Ä‘Æ¡n giáº£n nhÆ°ng láº¡i miÃªu táº£ Ä‘Æ°á»£c háº¿t nhá»¯ng khung cáº£nh, tÃ­nh cÃ¡ch con ngÆ°á»i má»™t cÃ¡ch chÃ¢n tháº­t. Anh khÃ´ng há» edit cáº§u kÃ¬ nhÆ°ng khi xem em Ä‘Æ°á»£c truyá»n cáº£m há»©ng vÃ  cáº£m tháº¥y thÃ´i thÃºc muá»‘n Ä‘i Ä‘áº¿n Ä‘Ã³ láº¯m. Láº§n Ä‘áº§u tiÃªn em cÃ³ cáº£m giÃ¡c nhÆ° váº­y. Cá»© Ä‘Æ¡n giáº£n thÃ¬ má»›i lÃ  Khoai Lang Thang!!",2025-10-13T05:17:30Z,26,0,,,2025-10-26T23:04:07.563279,False,
UgwFlgXK-Q1wXgktBnZ4AaABAg.AOCBgBjzo2dAOCLYEEt1EW,qd3t_JSQXWo,YouTube,@caca-bn4pv,UCfHuX5NGzzEcZfprSHJWlTw,"e tháº¯c máº¯c náº¿u  khoai mua thÃ¬ giÃ¡ vÃ© Ä‘Ã³ táº§m bao nhiu v áº¡, tháº¥y cÃ´ cute quÃ¡ :3, chá»n ngÆ°á»i cho chá»© ko pass kkkk",2025-10-13T01:59:42Z,25,0,,,2025-10-26T23:04:07.563279,True,UgwFlgXK-Q1wXgktBnZ4AaABAg
Ugw85xr9H5y-_dwl-cd4AaABAg,qd3t_JSQXWo,YouTube,@dongtruc8066,UCohugLh7wWHGQ8Dn_CUJGlg,"Hai anh em dá»… thÆ°Æ¡ng vÃ  giá»i quÃ¡! Su tuyá»‡t quÃ¡ nghen! Nháº­n cÃ¡i xe láº¡ hoáº¯c, to Ä‘Ã¹ng Ä‘oÃ ng, Ä‘Æ°á»ng sÃ¡ â€¦ táº¥t táº­t Ä‘á»u má»›i láº§n Ä‘áº§u tiáº¿p cáº­n mÃ  Su lÃ¡i ngon Æ¡, mÆ°á»›t rÆ°á»£t luÃ´n! ChÃºc hai anh em chuyáº¿n Ä‘i tháº­t nhiá»u Ä‘iá»u thÃº vá»‹!",2025-10-13T06:26:51Z,24,0,,,2025-10-26T23:04:07.563279,False,
UgxGNNvvgqv_V9ZcQNx4AaABAg,qd3t_JSQXWo,YouTube,@LeLy-ht7rh,UCdoVi7tFTFvd_z2aOIAnYPQ,"Sao mÃ  mÃª hai chÃ ng trainÃ y quÃ¡ chá»«ng, vá»«a Ä‘áº¹p vá»«a giá»i nhá»¯ng con ngÆ°á»i vÄƒn minh lá»‹ch sá»± Ä‘Ã¡ng Ä‘á»ƒ ngÆ°á»¡ng má»™.",2025-10-16T13:38:23Z,23,0,,,2025-10-26T23:04:07.563279,False,
UgwbV7DPidHrWQACdah4AaABAg.AOCBk284haZAOCInPESxXQ,qd3t_JSQXWo,YouTube,@duongnguyen2397,UCmKODXiE3lzspzAiLwrv0pg,"Em cÅ©ng thÃ­ch Ä‘i du lá»‹ch kiá»ƒu tá»± tÃºc báº±ng xe mobihome, nÃ³ oÃ¡ch gÃ¬ Ä‘Ã¢u Ã¡. Tiá»‡n Ä‘Ã¢y, em cÅ©ng muá»‘n nÃ³i lÃ  em hÃ³ng vid cá»§a anh mÃ¬nh mÃ£i, ngÃ y nÃ o cÅ©ng hÃ³ng luÃ´n, hÃ³ng dÃ i cá»• luÃ´n Ã¡ anh mÃ¬nh. Em cÅ©ng chÃºc anh mÃ¬nh Ä‘Ã£ Ä‘áº¡t Ä‘Æ°á»£c 3tr sub, chÃºc anh mÃ¬nh sáº½ cÃ ng Ä‘Æ°á»£c tháº­t nhiá»u ngÆ°á»i Ä‘Äƒng kÃ½ kÃªnh áº¡. Buá»•i sÃ¡ng tháº­t nhiá»u nÄƒng lÆ°á»£ng vá»›i vid má»›i cá»§a anh mÃ¬nh. Cáº£m Æ¡n anh mÃ¬nh nhiá»u áº¡! â¤ğŸ’™ Luv ya! ğŸ˜ŠğŸ¥°",2025-10-13T01:35:42Z,22,0,,,2025-10-26T23:04:07.563279,True,UgwbV7DPidHrWQACdah4AaABAg
UgwdoeQLiF8KL52IigV4AaABAg,qd3t_JSQXWo,YouTube,@abikalypsegaming5726,UCJjODVLk7IGZQRP4vw23HVA,"á» Äá»©c cÃ³ nhá»¯ng ngÆ°á»i há» mua vÃ©  mÃ  khÃ´ng xá»­ dá»¥ng,thÃ¬ Ä‘em táº·ng láº¡i cho ngÆ°á»i khÃ¡c.ÄÃ³ lÃ  chuyá»‡n bÃ¬nh thÆ°á»ng á»Ÿ Äá»©c,báº¡n nÃ y ráº¥t may máº¯n",2025-10-15T18:26:14Z,22,0,,,2025-10-26T23:04:07.563279,False,
Ugyw9maVxqOcE-GinSJ4AaABAg.AOC_3D9WjUdAOD8NYp2z71,qd3t_JSQXWo,YouTube,@Kimthienthien98,UCm8UFrCzRFjku-N-C4mjPUQ,"â€‹@hannahnguyen6113thÃ¬ Ä‘Æ°Æ¡ng nhiÃªn váº«n cÃ³ sá»£ rá»“i, Ä‘Æ°á»ng má»›i, xe má»›i, xe dÃ i ná»¯a, nÃªn cÅ©ng cÃ³ rÃ©n. NhÆ°ng mÃ  a Su váº«n dÃ¡m lÃ¡i, cÃ²n tui lÃ  k rá»“i Ä‘Ã³. Ã lÃ  chá»‰ xe mÃ¡y thÃ´i mÃ  xe láº¡ mÃ  cháº¡y chá»— tui á»Ÿ mÃ  tui cÃ²n k dÃ¡m cháº¡y, nÃ³i chi qua chá»— khÃ¡c cháº¡y",2025-10-13T09:23:53Z,19,0,,,2025-10-26T23:04:07.563279,True,Ugyw9maVxqOcE-GinSJ4AaABAg
UgzgzuSAtclet8xeTnx4AaABAg.AOJ6sFjIC9KAOKKMymB8LE,qd3t_JSQXWo,YouTube,@ATON-ko2md,UChjEonrwDT59S5Uq24cQj1g,su giá»i quÃ¡ chc cÃ³ báº±ng lÃ¡i nÆ°á»›c ngoÃ i háº£ anh,2025-10-16T04:23:21Z,18,0,,,2025-10-26T23:04:07.563279,True,UgzgzuSAtclet8xeTnx4AaABAg
Ugy_0fDApMs0_I0TdFN4AaABAg,qd3t_JSQXWo,YouTube,@thaithinhha6877,UCnqAHzixmFkU7j9MZuOVOYw,"ChÃº kia kinh doanh tháº­t thÃ  tá»‘t bá»¥ng, cháº¯c cháº¯n sáº½ nhiá»u khÃ¡ch thuÃª",2025-10-15T14:47:00Z,18,0,,,2025-10-26T23:04:07.563279,False,
UgzgzuSAtclet8xeTnx4AaABAg.AOJ6sFjIC9KAOKTq_sHNrN,qd3t_JSQXWo,YouTube,@gzg6640,UCf46rhhFOJQsDf8xtARMe3w,"â€‹â€‹@coronaviruss3592táº­p trc á»Ÿ áº¥n Ä‘á»™ lÃ¡i xe ngÆ°á»£c tay luÃ´n mÃ  , v lÃ  quÃ¡ giá»i r",2025-10-16T05:46:10Z,15,0,,,2025-10-26T23:04:07.563279,True,UgzgzuSAtclet8xeTnx4AaABAg
Ugzw-xqcG6H9zita6th4AaABAg.AODD-D6jMxFAODcdFcDYK6,qd3t_JSQXWo,YouTube,@windycoco1931,UCu7VPn_Q7xl7AjUUdhTHymg,á»ªa cÃ´ng nháº­n á»•ng giá»i thiá»‡c,2025-10-13T13:57:03Z,14,0,,,2025-10-26T23:04:07.563279,True,Ugzw-xqcG6H9zita6th4AaABAg
Ugzw-xqcG6H9zita6th4AaABAg.AODD-D6jMxFAODeMwgtbRS,qd3t_JSQXWo,YouTube,@TinhLe-i4h,UCCfvOIb0gE8IAP6rQImu-9g,"Su há»c RMIT hay sao Ä‘Ã³, giá»i ghÃª &lt;3",2025-10-13T14:12:10Z,14,0,,,2025-10-26T23:04:07.563279,True,Ugzw-xqcG6H9zita6th4AaABAg
Ugyqu7KenZdHDQhR4jZ4AaABAg,qd3t_JSQXWo,YouTube,@HAOTRANVAN-mh9fs,UCs13Vt_womIqUGduleyoxKA,"NhÃ¬n nháº­n khÃ¡ch quan, thá»±c sá»± cÃ¡c nÆ°á»›c phÆ°Æ¡ng tÃ¢y há» ráº¥t vÄƒn minh, mÃ¬nh con há»c há»i ráº¥t nhiá»u! Tá»« cÃ¡ch trÃ² chuyá»‡n, hÆ°á»›ng dáº«n , Ä‘Æ°á»ng xÃ¡, quy hoáº¡ch sáº¡ch bong. Viá»‡t nam chÃºng ta Ä‘áº¹p nhÆ°ng Ä‘ang dáº§n phÃ¡ huá»· cáº¥u trÃºc tá»± nhiÃªn, con ngÆ°á»i cá»© pháº£i hÆ¡n thua. Chá»‰ cÃ³ chÃ­nh trá»‹ luÃ´n á»•n Ä‘á»‹nh hÆ¡n há» chá»© vá» má»i máº·t cáº§n há»c há»i nhiá»u !",2025-10-14T07:13:02Z,13,0,,,2025-10-26T23:04:07.563279,False,
UgzIbDddY588Sd3he594AaABAg,qd3t_JSQXWo,YouTube,@jessicaho974,UCm3nDPg8puarxsj3soSE9nw,ÄÃ£ xe nhÃ  di Ä‘á»™ng láº¡i cÃ²n chÃ¢u Ã‚u Thuá»µ SÄ©. Huhu anh Khoai anh Su quÃ¡ tuyá»‡t vá»i,2025-10-13T06:08:50Z,13,0,,,2025-10-26T23:04:07.563279,False,
Ugx6Fmc93tqYkgBdcb14AaABAg,qd3t_JSQXWo,YouTube,@hoag_nhi,UCKhHdtCkpUMUeKkRIzn8Xwg,"Trá»i Æ¡i, Ä‘áº¹p khÃ´ng nÃ³i nÃªn lá»i. Tá»« cáº£nh váº­t Ä‘áº¿n con ngÆ°á»i Ä‘á»u lÃ£ng máº¡n ğŸ’ huhu, mong cÃ³ cÆ¡ há»™i sáº½ Ä‘Æ°á»£c tráº£i nghiá»‡m nhÆ° tháº¿ nÃ y",2025-10-13T12:22:18Z,12,0,,,2025-10-26T23:04:07.563279,False,
Ugzw-xqcG6H9zita6th4AaABAg.AODD-D6jMxFAOESgZZjcJ4,qd3t_JSQXWo,YouTube,@nguyenmai419,UCFoWRa3XmhGTXvGPLv_w7ew,"Chuáº©n luÃ´n Ã¡ váº­y nÃªn láº§n nÃ o cmt cÃ¡c clip mÃ¬nh cÅ©ng Ä‘á»u dÃ nh 1 lá»i khen cho a Su ná»¯a, ngÆ°á»¡ng má»™ thá»±c sá»±â€¦",2025-10-13T21:40:37Z,11,0,,,2025-10-26T23:04:07.563279,True,Ugzw-xqcG6H9zita6th4AaABAg
UgwoRjK59jMOL50QM8J4AaABAg.AOE6G7QNpXuAOEPgYGL_42,qd3t_JSQXWo,YouTube,@LinThungSan,UCkj3YiBDSyFzilOKykLyZqQ,ÄÃºng váº­y dÃ¹ sao cÅ©ng bá» nÃªn ngÆ°á»i  Ã‚u chÃ¢u hay  táº·ng láº¡i,2025-10-13T21:14:25Z,9,0,,,2025-10-26T23:04:07.563279,True,UgwoRjK59jMOL50QM8J4AaABAg
UgwFlgXK-Q1wXgktBnZ4AaABAg.AOCBgBjzo2dAOCZrL3C4s2,qd3t_JSQXWo,YouTube,@rosegamingstudios853,UC4U8iCTvwfklUBakh6OS0Lg,CÅ©ng cÃ³ nhiá»u ngÆ°á»i dá»… thÆ°Æ¡ng láº¯m nÃ¨. Nhiá»u ngÆ°á»i mua vÃ© nhÆ°ng ko cáº§n thÃ¬ cho láº¡i ngá»«oi khÃ¡c,2025-10-13T04:04:47Z,9,0,,,2025-10-26T23:04:07.563279,True,UgwFlgXK-Q1wXgktBnZ4AaABAg
Ugwr6A3VhOQcuk5kBQt4AaABAg.AOCC8C_g5QBAOCG-Ms5C9y,qd3t_JSQXWo,YouTube,@Há»“ngNguyá»…n-z5z4e,UC0cx2XpduJ6ej_XfE7r6dZw,trong ngÃ³ng anh khoai bá»¯a giá» luÃ´n nÃ¨,2025-10-13T01:11:15Z,8,0,,,2025-10-26T23:04:07.563279,True,Ugwr6A3VhOQcuk5kBQt4AaABAg
Ugwr6A3VhOQcuk5kBQt4AaABAg.AOCC8C_g5QBAOCLtshslyy,qd3t_JSQXWo,YouTube,@phuchien774,UC1qJCMckkt98CGhGZY3I9fA,ChÃºc má»«ng Em Khoai Ä‘áº¡t Ä‘Æ°á»£c 3tr Dk nhÃ© .ChÃºc Em nhieu sá»©c khá»e luÃ´n thuáº­n lá»£i bÃ¬nh an trÃªn má»i hÃ nh trÃ¬nh cÃ¡c chuyáº¿n Ä‘i cá»§a mÃ¬nh nhÃ© ğŸ¤ğŸ¤ğŸ¤ğŸ‘ğŸ‘ğŸ‘ğŸ‰ğŸ‰ğŸ‰ğŸ‰ğŸ‰ğŸ‰ğŸ‰ğŸ«¶ğŸ«¶ğŸ«¶â¤â¤â¤,2025-10-13T02:02:48Z,8,0,,,2025-10-26T23:04:07.563279,True,Ugwr6A3VhOQcuk5kBQt4AaABAg
Ugyc0-9OBm3uXHVTdyx4AaABAg,qd3t_JSQXWo,YouTube,@CelineTran21,UClQG2csVzBuF-oJuPLQjsHw,"Há»“i Ä‘i há»c mÃª truyá»‡n má»—i láº§n cÃ³ táº­p má»›i ra lÃ  pháº£i Ä‘á»ƒ dÃ nh lÃºc tháº­t ráº£nh má»›i Ä‘á»c tá»« tá»«, cÃ²n giá» má»—i láº§n Khoai ra video má»›i lÃ  cÅ©ng pháº£i Ä‘á»ƒ dÃ nh xem lÃºc yÃªn tÄ©nh nháº¥t Ä‘á»ƒ khÃ´ng bá» lá»¡ má»™t giÃ¢y phÃºt nÃ o, HÃ´m rá»“i tháº¥y Khoai Ä‘Äƒng video Ä‘ang Ä‘i Thuá»µ SÄ© hÃ¡o há»©c khoe vá»›i ck Ä‘Æ°á»£c hÃ­t chung báº§u khÃ´ng khÃ­ vá»›i Khoai nÃ¨, hay lÃ  Khoai Ä‘Äƒng lá»‹ch trÃ¬nh lÃªn Ä‘Æ°á»£c khÃ´ng biáº¿t Ä‘Ã¢u vÃ´ tÃ¬nh ra Ä‘Æ°á»ng Ä‘Æ°á»£c gáº·p idolğŸ¥°",2025-10-16T11:26:05Z,8,0,,,2025-10-26T23:04:07.563279,False,
UgzLtyECZ4sXyYB7cR54AaABAg.AOCns7IBwJLAOFY0PLVewx,qd3t_JSQXWo,YouTube,@janna7925,UCMfc7PEhu-Cr6Z6J0i7y6lA,"@cuhy6328 Báº¡n tÃ¬m hiá»ƒu ká»¹ rá»“i cung cáº¥p thÃ´ng tin nhÃ© áº¡, Äinh VÃµ Nam Hiáº¿u lÃ  kÃªnh cá»§a em ruá»™t anh Khoai, khÃ´ng pháº£i anh Su.",2025-10-14T07:46:24Z,8,0,,,2025-10-26T23:04:07.563279,True,UgzLtyECZ4sXyYB7cR54AaABAg
UgwewsFeV7IMemkS1xt4AaABAg,qd3t_JSQXWo,YouTube,,UC1pRrVwdbtn4ces3mZknAxg,"Em cÅ©ng tá»«ng du lá»‹ch bá»¥i qua nÆ°á»›c Ä‘á»©c 1 tuáº§n, vÃ  may máº¯n lÃ  toÃ n gáº·p nhá»¯ng Ä‘iá»u tá»‘t Ä‘áº¹p, ngÆ°á»i dÃ¢n ráº¥t thÃ¢n thiá»‡n tá»« nhá»¯ng ngÆ°á»i nhÃ¢n viÃªn ks, nhÃ  hÃ ng, nhÃ¢n viÃªn sÃ¢n bay, an ninh Ä‘á»u ráº¥t thÃ¢n thiá»‡n vui váº»",2025-10-16T03:05:24Z,7,0,,,2025-10-26T23:04:07.563279,False,
UgwFlgXK-Q1wXgktBnZ4AaABAg.AOCBgBjzo2dAOCVgfLXpPk,qd3t_JSQXWo,YouTube,@duyentran5379,UCYVueiN6_5-lxq3jHQlf-UA,Náº¿u pháº£i mua thÃ¬ vÃ© Ä‘Ã³ bao nhiÃªu váº­y a khoai,2025-10-13T03:28:22Z,7,0,,,2025-10-26T23:04:07.563279,True,UgwFlgXK-Q1wXgktBnZ4AaABAg
UgwFlgXK-Q1wXgktBnZ4AaABAg.AOCBgBjzo2dAOCcAobAt7r,qd3t_JSQXWo,YouTube,@thinhbui4835,UC-TRduMe79v-91L0Ey9uxjA,CÃ´ áº¥y tá»‘t quÃ¡,2025-10-13T04:33:47Z,7,0,,,2025-10-26T23:04:07.563279,True,UgwFlgXK-Q1wXgktBnZ4AaABAg
Ugyw9maVxqOcE-GinSJ4AaABAg.AOC_3D9WjUdAOD4Zp9QBxX,qd3t_JSQXWo,YouTube,@hannahnguyen6113,UCdD82aN01X5WO3I89lZq1WA,"Su cÅ©ng so mÃ , khg dam chay nhanh dau.",2025-10-13T08:50:37Z,6,0,,,2025-10-26T23:04:07.563279,True,Ugyw9maVxqOcE-GinSJ4AaABAg
UgwFlgXK-Q1wXgktBnZ4AaABAg.AOCBgBjzo2dAOCbHrRLA6S,qd3t_JSQXWo,YouTube,@LHSung_2K,UCwsM6ZfmOzJFeEeJiep8ebw,á» vn thÃ¬ cháº¯c cháº¯n lÃ  Ä‘Ã o lá»­a r,2025-10-13T04:26:01Z,6,0,,,2025-10-26T23:04:07.563279,True,UgwFlgXK-Q1wXgktBnZ4AaABAg
Ugxkrtu6Fwa1gQOKGOF4AaABAg.AOD7QXkCLp5AODYS_W6iqD,qd3t_JSQXWo,YouTube,@LoanNguyen-rc7rm,UCNDRzZxELIfyW59XuzpeuUA,"Khung cáº£nh tháº­t sá»± ráº¥t Ä‘áº¹p . ChÃºc KHOAI cÃ³ 1 chuyáº¿n Ä‘i nhiá»u vui váº», BÃ¬nh An .",2025-10-13T13:11:46Z,6,0,,,2025-10-26T23:04:07.563279,True,Ugxkrtu6Fwa1gQOKGOF4AaABAg
Ugzw-xqcG6H9zita6th4AaABAg.AODD-D6jMxFAOE0dQU1a5-,qd3t_JSQXWo,YouTube,@VanNguyen-mr2hy,UCwlDNYoFf5cENW6zd1SF2Pw,Tui coi anh Khoai cÅ©ng vÃ¬ áº£nh Ã¡ kkkâ¤,2025-10-13T17:35:32Z,5,0,,,2025-10-26T23:04:07.563279,True,Ugzw-xqcG6H9zita6th4AaABAg
